{
  "Greater Sydney region, New South Wales, Australia": [
    -33.8688,
    151.2093
  ],
  "Chongming Eco-Island, Shanghai, China": [
    31.5,
    121.8
  ],
  "Urban China": [
    35.0,
    105.0
  ],
  "Seven cities, China": [
    35.0,
    110.0
  ],
  "231 cities across China": [
    35.0,
    108.0
  ],
  "Dallas, Texas, USA": [
    32.7767,
    -96.797
  ],
  "Tallahassee, Florida, USA": [
    30.4383,
    -84.2807
  ],
  "Wallonia, Belgium": [
    50.5,
    4.5
  ],
  "Delhi, India, (specifically, Safdarjung and NPL areas)": [
    28.6139,
    77.209
  ],
  "Eastern Europe (specifically 11 post-communist countries: Slovenia, Slovak Republic, Czech Republic, Romania, Poland, Lithuania, Latvia, Estonia, Belarus, Russia, Ukraine)": [
    52.0,
    23.0
  ],
  "Beijing and Shanghai, China": [
    35.0,
    110.0
  ],
  "China": [
    35.8617,
    104.1954
  ],
  "Chongqing, China": [
    29.5697328,
    106.5842092
  ],
  "Coastal cities and islands in China": [
    30.0,
    120.0
  ],
  "Countries along the Belt and Road (B&R) Initiative": [
    40.0,
    100.0
  ],
  "Dublin, Ireland": [
    53.3493795,
    -6.2605593
  ],
  "Eight major Indian cities": [
    22.0,
    80.0
  ],
  "Idealized city at 45\u00b0N latitude": [
    45.0,
    0.0
  ],
  "Italy": [
    41.8719,
    12.5674
  ],
  "Li\u00e8ge, Belgium": [
    50.6450944,
    5.5736112
  ],
  "London, UK": [
    51.5074456,
    -0.1277653
  ],
  "Los Angeles County, California, USA": [
    34.3155072,
    -118.209681
  ],
  "Seoul, South Korea": [
    37.5666791,
    126.9782914
  ],
  "Shanghai, China": [
    31.2312707,
    121.4700152
  ],
  "Southern Chile (La Araucan\u00eda, Los R\u00edos, Los Lagos regions)": [
    -39.0,
    -72.0
  ],
  "United States": [
    39.8283,
    -98.5795
  ],
  "United States (national coverage)": [
    39.8283,
    -98.5795
  ],
  "Not Specified": null,
  "Global": null,
  "South Korea": [
    36.638392,
    127.6961188
  ],
  "Philadelphia, USA": [
    39.9527237,
    -75.1635262
  ],
  "Japan": [
    36.5748441,
    139.2394179
  ],
  "London": [
    51.5074456,
    -0.1277653
  ],
  "Cameroon": [
    4.6125522,
    13.1535811
  ],
  "Ilam, Iran": [
    33.1545696,
    46.7576343
  ],
  "Beijing, China": [
    39.9057136,
    116.3912972
  ],
  "Padua, Italy": [
    45.4077172,
    11.8734455
  ],
  "Groningen, Netherlands": [
    53.2190652,
    6.5680077
  ],
  "Tokyo, Japan": [
    35.6768601,
    139.7638947
  ],
  "Harbin, Tianjin, and Shanghai, China": [
    31.3068662,
    121.4943346
  ],
  "Qujiang Campus, Xi\u2019an Jiaotong University, Xi\u2019an, China": [
    34.261004,
    108.9423363
  ],
  "Austria": [
    47.59397,
    14.12456
  ],
  "Phoenix, Arizona, USA": [
    33.4484367,
    -112.074141
  ],
  "New York City (NYC), USA": [
    40.750632,
    -73.9687884
  ],
  "Tema, Ghana": [
    5.6596409,
    -0.0096771
  ],
  "Taipei, Taiwan": [
    25.0375198,
    121.5636796
  ],
  "Tianjin, China": [
    39.0844897,
    117.1956724
  ],
  "Xiequ Garden, Beijing, China": [
    39.9057136,
    116.3912972
  ],
  "Global, (136 countries)": [
    43.2258491,
    -89.3353662
  ],
  "Greece": [
    38.9953683,
    21.9877132
  ],
  "Los Angeles, California, USA": [
    34.0536909,
    -118.242766
  ],
  "New York City, USA": [
    40.7127281,
    -74.0060152
  ],
  "15 cities in Jiangsu Province, Eastern China": [
    22.2730777,
    114.2335938
  ],
  "Kuwait": [
    29.2733964,
    47.4979476
  ],
  "Guayaquil (Ecuador), Lima (Peru), Antofagasta and Valpara\u00edso (Chile)": [
    -2.1900572,
    -79.8868669
  ],
  "Global, (developed and developing countries)": [
    55.702215,
    12.5592485
  ],
  "Guangzhou, China": [
    23.1288454,
    113.2590064
  ],
  "Jianhu, China": [
    33.4401783,
    119.7842741
  ],
  "Hong Kong (China), Seoul (South Korea), Tokyo (Japan)": [
    35.6768601,
    139.7638947
  ],
  "Doha, Qatar": [
    25.3108807,
    51.5081812
  ],
  "Rome, Italy and Antofagasta, Chile": [
    -31.7613365,
    -71.3187697
  ],
  "France": [
    46.603354,
    1.8883335
  ],
  "Sacramento, California, USA": [
    38.5810606,
    -121.493895
  ],
  "Pittsburgh, Pennsylvania, USA": [
    40.4406968,
    -80.0025666
  ],
  "Switzerland": [
    46.7985624,
    8.2319736
  ],
  "Xiamen, China": [
    24.4801069,
    118.0853479
  ],
  "South Africa": [
    -28.8166236,
    24.991639
  ],
  "St. Paul, Minnesota USA": [
    44.9497487,
    -93.0931028
  ],
  "Harbin, China": [
    45.7593633,
    126.6276177
  ],
  "Vienna, Austria": [
    48.2083537,
    16.3725042
  ],
  "Aarhus, Denmark": [
    56.1496278,
    10.2134046
  ],
  "Newcastle upon Tyne, United Kingdom": [
    54.9738474,
    -1.6131572
  ],
  "Netherlands": [
    52.2434979,
    5.6343227
  ],
  "Mainland Portugal": [
    39.5565599,
    -8.2770265
  ],
  "Istanbul, Turkey": [
    41.006381,
    28.9758715
  ],
  "Intra-Americas Region (Caribbean, Central America, south-central Mexico, and northwestern South America)": [
    41.2694643,
    -83.6506433
  ],
  "Finland": [
    63.2467777,
    25.9209164
  ],
  "Brazil": [
    -10.3333333,
    -53.2
  ],
  "Tel Aviv, Israel": [
    32.0852997,
    34.7818064
  ],
  "Taipei City, Taiwan": [
    25.0285262,
    121.4197282
  ],
  "Nanjing, China": [
    32.0438284,
    118.7788631
  ],
  "Ningbo, China": [
    29.8622194,
    121.6203873
  ],
  "Seven cities in China (Harbin, Urumqi, Beijing, Shanghai, Changsha, Kunming, Hong Kong)": [
    22.379202,
    114.1076919
  ],
  "Spain": [
    39.3260685,
    -4.8379791
  ],
  "Rome, Italy": [
    41.8933203,
    12.4829321
  ],
  "China (30 provinces)": [
    27.7105114,
    105.3019062
  ],
  "Dubai, United Arab Emirates (UAE)": [
    24.0002488,
    53.9994829
  ],
  "Portland Metropolitan Area (PMA), Oregon, USA": [
    43.9792797,
    -120.737257
  ],
  "The Netherlands": [
    52.2434979,
    5.6343227
  ],
  "Jiangsu Province, China": [
    33.0000001,
    119.9999999
  ],
  "Wuhan, China": [
    30.5611595,
    114.2889707
  ],
  "San Antonio, Texas, USA": [
    29.4246002,
    -98.4951405
  ],
  "Singapore": [
    1.357107,
    103.8194992
  ],
  "Five cities in China (Shuangyashan, Xuzhou, Nanjing, Fuzhou, Pu'er)": [
    26.1154034,
    119.309314
  ],
  "Chicago, Illinois, USA": [
    41.8755616,
    -87.6244212
  ],
  "United Kingdom": [
    54.7023545,
    -3.2765753
  ],
  "Eindhoven, Netherlands": [
    51.4392648,
    5.478633
  ],
  "Copenhagen, Denmark (North European setting)": [
    55.6867243,
    12.5700724
  ],
  "Taiwan": [
    23.9739374,
    120.9820179
  ],
  "New York City, US": [
    40.7127281,
    -74.0060152
  ],
  "Islam Abad, Pakistan": [
    34.0435652,
    72.1065157
  ],
  "Melbourne, Australia": [
    -37.8142454,
    144.9631732
  ],
  "Zielona G\u00f3ra, Poland": [
    51.9383777,
    15.5050408
  ],
  "Seoul, South Korea (focus on Gangnam district)": [
    37.5666791,
    126.9782914
  ],
  "Gwalior city, Madhya Pradesh, India": [
    26.2037247,
    78.1573628
  ],
  "Castell\u00f3n de la Plana, Spain": [
    39.9860347,
    -0.0377354
  ],
  "Amman, Jordan": [
    31.9515694,
    35.9239625
  ],
  "United States of America": [
    39.7837304,
    -100.445882
  ],
  "Jinan, Shandong Province, China (Cold Region IIB)": [
    36.6519754,
    117.1138479
  ],
  "Osaka, Japan": [
    34.6937569,
    135.5014539
  ],
  "Tehran, Iran": [
    35.6892523,
    51.3896004
  ],
  "Toronto, Ontario, Canada": [
    43.6534817,
    -79.3839347
  ],
  "Gainesville, Florida, United States": [
    29.6519684,
    -82.3249846
  ],
  "Seattle, Washington, USA": [
    47.6038321,
    -122.330062
  ],
  "Atlanta, Georgia, USA (Grove Park neighborhood)": [
    33.7760843,
    -84.4481983
  ],
  "Detroit (Wayne County), Michigan, USA": [
    42.3641217,
    -83.0884919
  ],
  "Beijing, China.": [
    39.9057136,
    116.3912972
  ],
  "Gujarat, India": [
    22.3850051,
    71.745261
  ],